,Column 1,Column 2,Column 3,Column 4,Column 5
Column 1,1,,,,
Column 2,0.293146746,1,,,
Column 3,-0.882645548,-0.310736594,1,,
Column 4,-0.93196405,-0.187569017,0.809868208,1,
Column 5,0.95929135,0.215896562,-0.822324739,-0.926117401,1
